{"frames": {

"0.png":
{
	"frame": {"x":1,"y":1,"w":140,"h":190},
	"rotated": false,
	"trimmed": false,
	"spriteSourceSize": {"x":0,"y":0,"w":140,"h":190},
	"sourceSize": {"w":140,"h":190}
},
"1.png":
{
	"frame": {"x":143,"y":1,"w":140,"h":190},
	"rotated": false,
	"trimmed": false,
	"spriteSourceSize": {"x":0,"y":0,"w":140,"h":190},
	"sourceSize": {"w":140,"h":190}
},
"2.png":
{
	"frame": {"x":285,"y":1,"w":140,"h":190},
	"rotated": false,
	"trimmed": false,
	"spriteSourceSize": {"x":0,"y":0,"w":140,"h":190},
	"sourceSize": {"w":140,"h":190}
},
"3.png":
{
	"frame": {"x":427,"y":1,"w":140,"h":190},
	"rotated": false,
	"trimmed": false,
	"spriteSourceSize": {"x":0,"y":0,"w":140,"h":190},
	"sourceSize": {"w":140,"h":190}
},
"4.png":
{
	"frame": {"x":569,"y":1,"w":140,"h":190},
	"rotated": false,
	"trimmed": false,
	"spriteSourceSize": {"x":0,"y":0,"w":140,"h":190},
	"sourceSize": {"w":140,"h":190}
},
"5.png":
{
	"frame": {"x":711,"y":1,"w":140,"h":190},
	"rotated": false,
	"trimmed": false,
	"spriteSourceSize": {"x":0,"y":0,"w":140,"h":190},
	"sourceSize": {"w":140,"h":190}
},
"6.png":
{
	"frame": {"x":853,"y":1,"w":140,"h":190},
	"rotated": false,
	"trimmed": false,
	"spriteSourceSize": {"x":0,"y":0,"w":140,"h":190},
	"sourceSize": {"w":140,"h":190}
},
"7.png":
{
	"frame": {"x":995,"y":1,"w":140,"h":190},
	"rotated": false,
	"trimmed": false,
	"spriteSourceSize": {"x":0,"y":0,"w":140,"h":190},
	"sourceSize": {"w":140,"h":190}
},
"8.png":
{
	"frame": {"x":1137,"y":1,"w":140,"h":190},
	"rotated": false,
	"trimmed": false,
	"spriteSourceSize": {"x":0,"y":0,"w":140,"h":190},
	"sourceSize": {"w":140,"h":190}
},
"9.png":
{
	"frame": {"x":1279,"y":1,"w":140,"h":190},
	"rotated": false,
	"trimmed": false,
	"spriteSourceSize": {"x":0,"y":0,"w":140,"h":190},
	"sourceSize": {"w":140,"h":190}
},
"10.png":
{
	"frame": {"x":1421,"y":1,"w":140,"h":190},
	"rotated": false,
	"trimmed": false,
	"spriteSourceSize": {"x":0,"y":0,"w":140,"h":190},
	"sourceSize": {"w":140,"h":190}
},
"11.png":
{
	"frame": {"x":1563,"y":1,"w":140,"h":190},
	"rotated": false,
	"trimmed": false,
	"spriteSourceSize": {"x":0,"y":0,"w":140,"h":190},
	"sourceSize": {"w":140,"h":190}
},
"12.png":
{
	"frame": {"x":1705,"y":1,"w":140,"h":190},
	"rotated": false,
	"trimmed": false,
	"spriteSourceSize": {"x":0,"y":0,"w":140,"h":190},
	"sourceSize": {"w":140,"h":190}
},
"13.png":
{
	"frame": {"x":1847,"y":1,"w":140,"h":190},
	"rotated": false,
	"trimmed": false,
	"spriteSourceSize": {"x":0,"y":0,"w":140,"h":190},
	"sourceSize": {"w":140,"h":190}
},
"14.png":
{
	"frame": {"x":1,"y":193,"w":140,"h":190},
	"rotated": false,
	"trimmed": false,
	"spriteSourceSize": {"x":0,"y":0,"w":140,"h":190},
	"sourceSize": {"w":140,"h":190}
},
"15.png":
{
	"frame": {"x":143,"y":193,"w":140,"h":190},
	"rotated": false,
	"trimmed": false,
	"spriteSourceSize": {"x":0,"y":0,"w":140,"h":190},
	"sourceSize": {"w":140,"h":190}
},
"16.png":
{
	"frame": {"x":285,"y":193,"w":140,"h":190},
	"rotated": false,
	"trimmed": false,
	"spriteSourceSize": {"x":0,"y":0,"w":140,"h":190},
	"sourceSize": {"w":140,"h":190}
},
"17.png":
{
	"frame": {"x":427,"y":193,"w":140,"h":190},
	"rotated": false,
	"trimmed": false,
	"spriteSourceSize": {"x":0,"y":0,"w":140,"h":190},
	"sourceSize": {"w":140,"h":190}
},
"18.png":
{
	"frame": {"x":569,"y":193,"w":140,"h":190},
	"rotated": false,
	"trimmed": false,
	"spriteSourceSize": {"x":0,"y":0,"w":140,"h":190},
	"sourceSize": {"w":140,"h":190}
},
"19.png":
{
	"frame": {"x":711,"y":193,"w":140,"h":190},
	"rotated": false,
	"trimmed": false,
	"spriteSourceSize": {"x":0,"y":0,"w":140,"h":190},
	"sourceSize": {"w":140,"h":190}
},
"20.png":
{
	"frame": {"x":853,"y":193,"w":140,"h":190},
	"rotated": false,
	"trimmed": false,
	"spriteSourceSize": {"x":0,"y":0,"w":140,"h":190},
	"sourceSize": {"w":140,"h":190}
},
"21.png":
{
	"frame": {"x":995,"y":193,"w":140,"h":190},
	"rotated": false,
	"trimmed": false,
	"spriteSourceSize": {"x":0,"y":0,"w":140,"h":190},
	"sourceSize": {"w":140,"h":190}
},
"22.png":
{
	"frame": {"x":1137,"y":193,"w":140,"h":190},
	"rotated": false,
	"trimmed": false,
	"spriteSourceSize": {"x":0,"y":0,"w":140,"h":190},
	"sourceSize": {"w":140,"h":190}
},
"23.png":
{
	"frame": {"x":1279,"y":193,"w":140,"h":190},
	"rotated": false,
	"trimmed": false,
	"spriteSourceSize": {"x":0,"y":0,"w":140,"h":190},
	"sourceSize": {"w":140,"h":190}
},
"24.png":
{
	"frame": {"x":1421,"y":193,"w":140,"h":190},
	"rotated": false,
	"trimmed": false,
	"spriteSourceSize": {"x":0,"y":0,"w":140,"h":190},
	"sourceSize": {"w":140,"h":190}
},
"25.png":
{
	"frame": {"x":1563,"y":193,"w":140,"h":190},
	"rotated": false,
	"trimmed": false,
	"spriteSourceSize": {"x":0,"y":0,"w":140,"h":190},
	"sourceSize": {"w":140,"h":190}
},
"26.png":
{
	"frame": {"x":1705,"y":193,"w":140,"h":190},
	"rotated": false,
	"trimmed": false,
	"spriteSourceSize": {"x":0,"y":0,"w":140,"h":190},
	"sourceSize": {"w":140,"h":190}
},
"27.png":
{
	"frame": {"x":1847,"y":193,"w":140,"h":190},
	"rotated": false,
	"trimmed": false,
	"spriteSourceSize": {"x":0,"y":0,"w":140,"h":190},
	"sourceSize": {"w":140,"h":190}
},
"28.png":
{
	"frame": {"x":1,"y":385,"w":140,"h":190},
	"rotated": false,
	"trimmed": false,
	"spriteSourceSize": {"x":0,"y":0,"w":140,"h":190},
	"sourceSize": {"w":140,"h":190}
},
"29.png":
{
	"frame": {"x":143,"y":385,"w":140,"h":190},
	"rotated": false,
	"trimmed": false,
	"spriteSourceSize": {"x":0,"y":0,"w":140,"h":190},
	"sourceSize": {"w":140,"h":190}
},
"30.png":
{
	"frame": {"x":285,"y":385,"w":140,"h":190},
	"rotated": false,
	"trimmed": false,
	"spriteSourceSize": {"x":0,"y":0,"w":140,"h":190},
	"sourceSize": {"w":140,"h":190}
},
"31.png":
{
	"frame": {"x":427,"y":385,"w":140,"h":190},
	"rotated": false,
	"trimmed": false,
	"spriteSourceSize": {"x":0,"y":0,"w":140,"h":190},
	"sourceSize": {"w":140,"h":190}
},
"32.png":
{
	"frame": {"x":569,"y":385,"w":140,"h":190},
	"rotated": false,
	"trimmed": false,
	"spriteSourceSize": {"x":0,"y":0,"w":140,"h":190},
	"sourceSize": {"w":140,"h":190}
},
"33.png":
{
	"frame": {"x":711,"y":385,"w":140,"h":190},
	"rotated": false,
	"trimmed": false,
	"spriteSourceSize": {"x":0,"y":0,"w":140,"h":190},
	"sourceSize": {"w":140,"h":190}
},
"34.png":
{
	"frame": {"x":853,"y":385,"w":140,"h":190},
	"rotated": false,
	"trimmed": false,
	"spriteSourceSize": {"x":0,"y":0,"w":140,"h":190},
	"sourceSize": {"w":140,"h":190}
},
"35.png":
{
	"frame": {"x":995,"y":385,"w":140,"h":190},
	"rotated": false,
	"trimmed": false,
	"spriteSourceSize": {"x":0,"y":0,"w":140,"h":190},
	"sourceSize": {"w":140,"h":190}
},
"36.png":
{
	"frame": {"x":1137,"y":385,"w":140,"h":190},
	"rotated": false,
	"trimmed": false,
	"spriteSourceSize": {"x":0,"y":0,"w":140,"h":190},
	"sourceSize": {"w":140,"h":190}
},
"37.png":
{
	"frame": {"x":1279,"y":385,"w":140,"h":190},
	"rotated": false,
	"trimmed": false,
	"spriteSourceSize": {"x":0,"y":0,"w":140,"h":190},
	"sourceSize": {"w":140,"h":190}
},
"38.png":
{
	"frame": {"x":1421,"y":385,"w":140,"h":190},
	"rotated": false,
	"trimmed": false,
	"spriteSourceSize": {"x":0,"y":0,"w":140,"h":190},
	"sourceSize": {"w":140,"h":190}
},
"39.png":
{
	"frame": {"x":1563,"y":385,"w":140,"h":190},
	"rotated": false,
	"trimmed": false,
	"spriteSourceSize": {"x":0,"y":0,"w":140,"h":190},
	"sourceSize": {"w":140,"h":190}
},
"40.png":
{
	"frame": {"x":1705,"y":385,"w":140,"h":190},
	"rotated": false,
	"trimmed": false,
	"spriteSourceSize": {"x":0,"y":0,"w":140,"h":190},
	"sourceSize": {"w":140,"h":190}
},
"41.png":
{
	"frame": {"x":1847,"y":385,"w":140,"h":190},
	"rotated": false,
	"trimmed": false,
	"spriteSourceSize": {"x":0,"y":0,"w":140,"h":190},
	"sourceSize": {"w":140,"h":190}
},
"42.png":
{
	"frame": {"x":1,"y":577,"w":140,"h":190},
	"rotated": false,
	"trimmed": false,
	"spriteSourceSize": {"x":0,"y":0,"w":140,"h":190},
	"sourceSize": {"w":140,"h":190}
},
"43.png":
{
	"frame": {"x":143,"y":577,"w":140,"h":190},
	"rotated": false,
	"trimmed": false,
	"spriteSourceSize": {"x":0,"y":0,"w":140,"h":190},
	"sourceSize": {"w":140,"h":190}
},
"44.png":
{
	"frame": {"x":285,"y":577,"w":140,"h":190},
	"rotated": false,
	"trimmed": false,
	"spriteSourceSize": {"x":0,"y":0,"w":140,"h":190},
	"sourceSize": {"w":140,"h":190}
},
"45.png":
{
	"frame": {"x":427,"y":577,"w":140,"h":190},
	"rotated": false,
	"trimmed": false,
	"spriteSourceSize": {"x":0,"y":0,"w":140,"h":190},
	"sourceSize": {"w":140,"h":190}
},
"46.png":
{
	"frame": {"x":569,"y":577,"w":140,"h":190},
	"rotated": false,
	"trimmed": false,
	"spriteSourceSize": {"x":0,"y":0,"w":140,"h":190},
	"sourceSize": {"w":140,"h":190}
},
"47.png":
{
	"frame": {"x":711,"y":577,"w":140,"h":190},
	"rotated": false,
	"trimmed": false,
	"spriteSourceSize": {"x":0,"y":0,"w":140,"h":190},
	"sourceSize": {"w":140,"h":190}
},
"48.png":
{
	"frame": {"x":853,"y":577,"w":140,"h":190},
	"rotated": false,
	"trimmed": false,
	"spriteSourceSize": {"x":0,"y":0,"w":140,"h":190},
	"sourceSize": {"w":140,"h":190}
},
"49.png":
{
	"frame": {"x":995,"y":577,"w":140,"h":190},
	"rotated": false,
	"trimmed": false,
	"spriteSourceSize": {"x":0,"y":0,"w":140,"h":190},
	"sourceSize": {"w":140,"h":190}
},
"50.png":
{
	"frame": {"x":1137,"y":577,"w":140,"h":190},
	"rotated": false,
	"trimmed": false,
	"spriteSourceSize": {"x":0,"y":0,"w":140,"h":190},
	"sourceSize": {"w":140,"h":190}
},
"51.png":
{
	"frame": {"x":1279,"y":577,"w":140,"h":190},
	"rotated": false,
	"trimmed": false,
	"spriteSourceSize": {"x":0,"y":0,"w":140,"h":190},
	"sourceSize": {"w":140,"h":190}
},
"back.png":
{
	"frame": {"x":1421,"y":577,"w":140,"h":190},
	"rotated": false,
	"trimmed": false,
	"spriteSourceSize": {"x":0,"y":0,"w":140,"h":190},
	"sourceSize": {"w":140,"h":190}
},
"back_blue_0.png":
{
	"frame": {"x":1563,"y":577,"w":140,"h":190},
	"rotated": false,
	"trimmed": false,
	"spriteSourceSize": {"x":0,"y":0,"w":140,"h":190},
	"sourceSize": {"w":140,"h":190}
},
"back_blue_1.png":
{
	"frame": {"x":1705,"y":577,"w":140,"h":190},
	"rotated": false,
	"trimmed": false,
	"spriteSourceSize": {"x":0,"y":0,"w":140,"h":190},
	"sourceSize": {"w":140,"h":190}
},
"back_blue_2.png":
{
	"frame": {"x":1847,"y":577,"w":140,"h":190},
	"rotated": false,
	"trimmed": false,
	"spriteSourceSize": {"x":0,"y":0,"w":140,"h":190},
	"sourceSize": {"w":140,"h":190}
},
"back_blue_3.png":
{
	"frame": {"x":1,"y":769,"w":140,"h":190},
	"rotated": false,
	"trimmed": false,
	"spriteSourceSize": {"x":0,"y":0,"w":140,"h":190},
	"sourceSize": {"w":140,"h":190}
},
"back_blue_4.png":
{
	"frame": {"x":143,"y":769,"w":140,"h":190},
	"rotated": false,
	"trimmed": false,
	"spriteSourceSize": {"x":0,"y":0,"w":140,"h":190},
	"sourceSize": {"w":140,"h":190}
},
"back_green_0.png":
{
	"frame": {"x":285,"y":769,"w":140,"h":190},
	"rotated": false,
	"trimmed": false,
	"spriteSourceSize": {"x":0,"y":0,"w":140,"h":190},
	"sourceSize": {"w":140,"h":190}
},
"back_green_1.png":
{
	"frame": {"x":427,"y":769,"w":140,"h":190},
	"rotated": false,
	"trimmed": false,
	"spriteSourceSize": {"x":0,"y":0,"w":140,"h":190},
	"sourceSize": {"w":140,"h":190}
},
"back_green_2.png":
{
	"frame": {"x":569,"y":769,"w":140,"h":190},
	"rotated": false,
	"trimmed": false,
	"spriteSourceSize": {"x":0,"y":0,"w":140,"h":190},
	"sourceSize": {"w":140,"h":190}
},
"back_green_3.png":
{
	"frame": {"x":711,"y":769,"w":140,"h":190},
	"rotated": false,
	"trimmed": false,
	"spriteSourceSize": {"x":0,"y":0,"w":140,"h":190},
	"sourceSize": {"w":140,"h":190}
},
"back_green_4.png":
{
	"frame": {"x":1421,"y":577,"w":140,"h":190},
	"rotated": false,
	"trimmed": false,
	"spriteSourceSize": {"x":0,"y":0,"w":140,"h":190},
	"sourceSize": {"w":140,"h":190}
},
"back_red_0.png":
{
	"frame": {"x":853,"y":769,"w":140,"h":190},
	"rotated": false,
	"trimmed": false,
	"spriteSourceSize": {"x":0,"y":0,"w":140,"h":190},
	"sourceSize": {"w":140,"h":190}
},
"back_red_1.png":
{
	"frame": {"x":995,"y":769,"w":140,"h":190},
	"rotated": false,
	"trimmed": false,
	"spriteSourceSize": {"x":0,"y":0,"w":140,"h":190},
	"sourceSize": {"w":140,"h":190}
},
"back_red_2.png":
{
	"frame": {"x":1137,"y":769,"w":140,"h":190},
	"rotated": false,
	"trimmed": false,
	"spriteSourceSize": {"x":0,"y":0,"w":140,"h":190},
	"sourceSize": {"w":140,"h":190}
},
"back_red_3.png":
{
	"frame": {"x":1279,"y":769,"w":140,"h":190},
	"rotated": false,
	"trimmed": false,
	"spriteSourceSize": {"x":0,"y":0,"w":140,"h":190},
	"sourceSize": {"w":140,"h":190}
},
"back_red_4.png":
{
	"frame": {"x":1421,"y":769,"w":140,"h":190},
	"rotated": false,
	"trimmed": false,
	"spriteSourceSize": {"x":0,"y":0,"w":140,"h":190},
	"sourceSize": {"w":140,"h":190}
},
"jocker.png":
{
	"frame": {"x":1563,"y":769,"w":140,"h":190},
	"rotated": false,
	"trimmed": false,
	"spriteSourceSize": {"x":0,"y":0,"w":140,"h":190},
	"sourceSize": {"w":140,"h":190}
}},
"animations": {
	"back_blue": ["back_blue_0.png","back_blue_1.png","back_blue_2.png","back_blue_3.png","back_blue_4.png"],
	"back_green": ["back_green_0.png","back_green_1.png","back_green_2.png","back_green_3.png","back_green_4.png"],
	"back_red": ["back_red_0.png","back_red_1.png","back_red_2.png","back_red_3.png","back_red_4.png"]
},
"meta": {
	"app": "https://www.codeandweb.com/texturepacker",
	"version": "1.1",
	"image": "card.png",
	"format": "RGBA8888",
	"size": {"w":1988,"h":960},
	"scale": "1",
	"smartupdate": "$TexturePacker:SmartUpdate:3922acf6cd72c76f45e3483e102c01f6:c6feeb8c26a878d3d816a18fd4073395:174aba2fcc0fb5b96352486c74cc3599$"
}
}
